productType, color, description, price
Hoodie,Allure Blue,cotton authentic character and practicality are combined in this comfy  warm and luxury hoodie for students that goes with everything to create casual looks,£39.99
Hoodie,Atlantic,cotton authentic character and practicality are combined in this comfy  warm and luxury hoodie for students that goes with everything to create casual looks,£39.99
Hoodie,Black Melangee,cotton authentic character and practicality are combined in this comfy  warm and luxury hoodie for students that goes with everything to create casual looks,£39.99
Hoodie,Black,cotton authentic character and practicality are combined in this comfy  warm and luxury hoodie for students that goes with everything to create casual looks,£39.99
Hoodie,Blush Pink,cotton authentic character and practicality are combined in this comfy  warm and luxury hoodie for students that goes with everything to create casual looks,£39.99
Hoodie,Bordeaux,cotton authentic character and practicality are combined in this comfy  warm and luxury hoodie for students that goes with everything to create casual looks,£39.99
Hoodie,Bottle Green,cotton authentic character and practicality are combined in this comfy  warm and luxury hoodie for students that goes with everything to create casual looks,£39.99
Hoodie,Caribbean Blue,cotton authentic character and practicality are combined in this comfy  warm and luxury hoodie for students that goes with everything to create casual looks,£39.99
Hoodie,Cerisee,cotton authentic character and practicality are combined in this comfy  warm and luxury hoodie for students that goes with everything to create casual looks,£39.99
Hoodie,Coral Rose,cotton authentic character and practicality are combined in this comfy  warm and luxury hoodie for students that goes with everything to create casual looks,£39.99
Hoodie,Dusty Black,cotton authentic character and practicality are combined in this comfy  warm and luxury hoodie for students that goes with everything to create casual looks,£39.99
Hoodie,Dusty Grey,cotton authentic character and practicality are combined in this comfy  warm and luxury hoodie for students that goes with everything to create casual looks,£39.99
Hoodie,Dusty Red,cotton authentic character and practicality are combined in this comfy  warm and luxury hoodie for students that goes with everything to create casual looks,£39.99
Hoodie,Flint Grey,cotton authentic character and practicality are combined in this comfy  warm and luxury hoodie for students that goes with everything to create casual looks,£39.99
Hoodie,Graphite,cotton authentic character and practicality are combined in this comfy  warm and luxury hoodie for students that goes with everything to create casual looks,£39.99
Hoodie,Grey Melange,cotton authentic character and practicality are combined in this comfy  warm and luxury hoodie for students that goes with everything to create casual looks,£39.99
Hoodie,Gumdrop Green,cotton authentic character and practicality are combined in this comfy  warm and luxury hoodie for students that goes with everything to create casual looks,£39.99
Hoodie,Honeysuckle,cotton authentic character and practicality are combined in this comfy  warm and luxury hoodie for students that goes with everything to create casual looks,£39.99
Hoodie,Insignia Blue,cotton authentic character and practicality are combined in this comfy  warm and luxury hoodie for students that goes with everything to create casual looks,£39.99
Hoodie,Lava,cotton authentic character and practicality are combined in this comfy  warm and luxury hoodie for students that goes with everything to create casual looks,£39.99
Hoodie,Lisa,cotton authentic character and practicality are combined in this comfy  warm and luxury hoodie for students that goes with everything to create casual looks,£39.99
Hoodie,Maroon,cotton authentic character and practicality are combined in this comfy  warm and luxury hoodie for students that goes with everything to create casual looks,£39.99
Hoodie,Midnight Blue,cotton authentic character and practicality are combined in this comfy  warm and luxury hoodie for students that goes with everything to create casual looks,£39.99
Hoodie,Midnight,cotton authentic character and practicality are combined in this comfy  warm and luxury hoodie for students that goes with everything to create casual looks,£39.99
Hoodie,Mustard,cotton authentic character and practicality are combined in this comfy  warm and luxury hoodie for students that goes with everything to create casual looks,£39.99
Hoodie,Not White,cotton authentic character and practicality are combined in this comfy  warm and luxury hoodie for students that goes with everything to create casual looks,£39.99
Hoodie,Peapod,cotton authentic character and practicality are combined in this comfy  warm and luxury hoodie for students that goes with everything to create casual looks,£39.99
Hoodie,Sage,cotton authentic character and practicality are combined in this comfy  warm and luxury hoodie for students that goes with everything to create casual looks,£39.99
Hoodie,Stone Blue,cotton authentic character and practicality are combined in this comfy  warm and luxury hoodie for students that goes with everything to create casual looks,£39.99
Hoodie,Vintage Royal,cotton authentic character and practicality are combined in this comfy  warm and luxury hoodie for students that goes with everything to create casual looks,£39.99
Jumper,Antique Cherry Red,cotton authentic character and practicality are combined in this winter jumper for students that goes with everything to create casual looks,£29.99
Jumper,Antique Sapphire,cotton authentic character and practicality are combined in this winter jumper for students that goes with everything to create casual looks,£29.99
Jumper,Ash,cotton authentic character and practicality are combined in this winter jumper for students that goes with everything to create casual looks,£29.99
Jumper,Azalea,cotton authentic character and practicality are combined in this winter jumper for students that goes with everything to create casual looks,£29.99
Jumper,Black,cotton authentic character and practicality are combined in this winter jumper for students that goes with everything to create casual looks,£29.99
Jumper,Carolina Blue,cotton authentic character and practicality are combined in this winter jumper for students that goes with everything to create casual looks,£29.99
Jumper,Charcoal,cotton authentic character and practicality are combined in this winter jumper for students that goes with everything to create casual looks,£29.99
Jumper,Cherry Red,cotton authentic character and practicality are combined in this winter jumper for students that goes with everything to create casual looks,£29.99
Jumper,Dark Chocolate,cotton authentic character and practicality are combined in this winter jumper for students that goes with everything to create casual looks,£29.99
Jumper,Forest Green,cotton authentic character and practicality are combined in this winter jumper for students that goes with everything to create casual looks,£29.99
Jumper,Garnet,cotton authentic character and practicality are combined in this winter jumper for students that goes with everything to create casual looks,£29.99
Jumper,Gold,cotton authentic character and practicality are combined in this winter jumper for students that goes with everything to create casual looks,£29.99
Jumper,Heather Sport Dark Green,cotton authentic character and practicality are combined in this winter jumper for students that goes with everything to create casual looks,£29.99
Jumper,Heather Sport Dark Maroon,cotton authentic character and practicality are combined in this winter jumper for students that goes with everything to create casual looks,£29.99
Jumper,Heather Sport Dark Navy,cotton authentic character and practicality are combined in this winter jumper for students that goes with everything to create casual looks,£29.99
Jumper,Heather Sport Graphite,cotton authentic character and practicality are combined in this winter jumper for students that goes with everything to create casual looks,£29.99
Jumper,Heather Sport Royal,cotton authentic character and practicality are combined in this winter jumper for students that goes with everything to create casual looks,£29.99
Jumper,Heather Sport Scarlet Red,cotton authentic character and practicality are combined in this winter jumper for students that goes with everything to create casual looks,£29.99
Jumper,Heliconia,cotton authentic character and practicality are combined in this winter jumper for students that goes with everything to create casual looks,£29.99
Jumper,Indigo Blue,cotton authentic character and practicality are combined in this winter jumper for students that goes with everything to create casual looks,£29.99
Jumper,Irish Green,cotton authentic character and practicality are combined in this winter jumper for students that goes with everything to create casual looks,£29.99
Jumper,Legion Blue,cotton authentic character and practicality are combined in this winter jumper for students that goes with everything to create casual looks,£29.99
Jumper,Light Blue,cotton authentic character and practicality are combined in this winter jumper for students that goes with everything to create casual looks,£29.99
Jumper,Light Pink,cotton authentic character and practicality are combined in this winter jumper for students that goes with everything to create casual looks,£29.99
Jumper,Maroon,cotton authentic character and practicality are combined in this winter jumper for students that goes with everything to create casual looks,£29.99
Jumper,Military Green,cotton authentic character and practicality are combined in this winter jumper for students that goes with everything to create casual looks,£29.99
Jumper,Mint Green,cotton authentic character and practicality are combined in this winter jumper for students that goes with everything to create casual looks,£29.99
Jumper,Navy,cotton authentic character and practicality are combined in this winter jumper for students that goes with everything to create casual looks,£29.99
Jumper,Old Gold,cotton authentic character and practicality are combined in this winter jumper for students that goes with everything to create casual looks,£29.99
Jumper,Orange,cotton authentic character and practicality are combined in this winter jumper for students that goes with everything to create casual looks,£29.99
Jumper,Orchid,cotton authentic character and practicality are combined in this winter jumper for students that goes with everything to create casual looks,£29.99
Jumper,Paprika,cotton authentic character and practicality are combined in this winter jumper for students that goes with everything to create casual looks,£29.99
Jumper,Plum,cotton authentic character and practicality are combined in this winter jumper for students that goes with everything to create casual looks,£29.99
Jumper,Purple,cotton authentic character and practicality are combined in this winter jumper for students that goes with everything to create casual looks,£29.99
Jumper,Red,cotton authentic character and practicality are combined in this winter jumper for students that goes with everything to create casual looks,£29.99
Jumper,Royal,cotton authentic character and practicality are combined in this winter jumper for students that goes with everything to create casual looks,£29.99
Jumper,Sand,cotton authentic character and practicality are combined in this winter jumper for students that goes with everything to create casual looks,£29.99
Jumper,Sapphire,cotton authentic character and practicality are combined in this winter jumper for students that goes with everything to create casual looks,£29.99
Jumper,Sports Grey,cotton authentic character and practicality are combined in this winter jumper for students that goes with everything to create casual looks,£29.99
Jumper,Violet,cotton authentic character and practicality are combined in this winter jumper for students that goes with everything to create casual looks,£29.99
Tshirt,Antique Cherry Red,cotton authentic character and practicality are combined in this summery t-shirt for students that goes with everything to create casual looks. Perfect for those summer days,£19.99
Tshirt,Antique Heliconia,cotton authentic character and practicality are combined in this summery t-shirt for students that goes with everything to create casual looks. Perfect for those summer days,£19.99
Tshirt,Antique Sapphire,cotton authentic character and practicality are combined in this summery t-shirt for students that goes with everything to create casual looks. Perfect for those summer days,£19.99
Tshirt,Black,cotton authentic character and practicality are combined in this summery t-shirt for students that goes with everything to create casual looks. Perfect for those summer days,£19.99
Tshirt,Cardinal Red,cotton authentic character and practicality are combined in this summery t-shirt for students that goes with everything to create casual looks. Perfect for those summer days,£19.99
Tshirt,Charcoal,cotton authentic character and practicality are combined in this summery t-shirt for students that goes with everything to create casual looks. Perfect for those summer days,£19.99
Tshirt,Cherry Red,cotton authentic character and practicality are combined in this summery t-shirt for students that goes with everything to create casual looks. Perfect for those summer days,£19.99
Tshirt,Cheshnut,cotton authentic character and practicality are combined in this summery t-shirt for students that goes with everything to create casual looks. Perfect for those summer days,£19.99
Tshirt,Cobalt,cotton authentic character and practicality are combined in this summery t-shirt for students that goes with everything to create casual looks. Perfect for those summer days,£19.99
Tshirt,Daisy,cotton authentic character and practicality are combined in this summery t-shirt for students that goes with everything to create casual looks. Perfect for those summer days,£19.99
Tshirt,Dark Chocolate,cotton authentic character and practicality are combined in this summery t-shirt for students that goes with everything to create casual looks. Perfect for those summer days,£19.99
Tshirt,Dark Heather,cotton authentic character and practicality are combined in this summery t-shirt for students that goes with everything to create casual looks. Perfect for those summer days,£19.99
Tshirt,Forest Green,cotton authentic character and practicality are combined in this summery t-shirt for students that goes with everything to create casual looks. Perfect for those summer days,£19.99
Tshirt,Heather Irish Green,cotton authentic character and practicality are combined in this summery t-shirt for students that goes with everything to create casual looks. Perfect for those summer days,£19.99
Tshirt,Heather Military Green,cotton authentic character and practicality are combined in this summery t-shirt for students that goes with everything to create casual looks. Perfect for those summer days,£19.99
Tshirt,Heather Navy,cotton authentic character and practicality are combined in this summery t-shirt for students that goes with everything to create casual looks. Perfect for those summer days,£19.99
Tshirt,Heather Orange,cotton authentic character and practicality are combined in this summery t-shirt for students that goes with everything to create casual looks. Perfect for those summer days,£19.99
Tshirt,Heather Purple,cotton authentic character and practicality are combined in this summery t-shirt for students that goes with everything to create casual looks. Perfect for those summer days,£19.99
Tshirt,Heather Royal,cotton authentic character and practicality are combined in this summery t-shirt for students that goes with everything to create casual looks. Perfect for those summer days,£19.99
Tshirt,Heliconia,cotton authentic character and practicality are combined in this summery t-shirt for students that goes with everything to create casual looks. Perfect for those summer days,£19.99
Tshirt,Irish Green,cotton authentic character and practicality are combined in this summery t-shirt for students that goes with everything to create casual looks. Perfect for those summer days,£19.99
Tshirt,Kiwi,cotton authentic character and practicality are combined in this summery t-shirt for students that goes with everything to create casual looks. Perfect for those summer days,£19.99
Tshirt,Light Blue,cotton authentic character and practicality are combined in this summery t-shirt for students that goes with everything to create casual looks. Perfect for those summer days,£19.99
Tshirt,Maroon,cotton authentic character and practicality are combined in this summery t-shirt for students that goes with everything to create casual looks. Perfect for those summer days,£19.99
Tshirt,Military Green,cotton authentic character and practicality are combined in this summery t-shirt for students that goes with everything to create casual looks. Perfect for those summer days,£19.99
Tshirt,Navy,cotton authentic character and practicality are combined in this summery t-shirt for students that goes with everything to create casual looks. Perfect for those summer days,£19.99
Tshirt,Orange,cotton authentic character and practicality are combined in this summery t-shirt for students that goes with everything to create casual looks. Perfect for those summer days,£19.99
Tshirt,Purple,cotton authentic character and practicality are combined in this summery t-shirt for students that goes with everything to create casual looks. Perfect for those summer days,£19.99
Tshirt,Red,cotton authentic character and practicality are combined in this summery t-shirt for students that goes with everything to create casual looks. Perfect for those summer days,£19.99
Tshirt,Royal,cotton authentic character and practicality are combined in this summery t-shirt for students that goes with everything to create casual looks. Perfect for those summer days,£19.99
Tshirt,Sand,cotton authentic character and practicality are combined in this summery t-shirt for students that goes with everything to create casual looks. Perfect for those summer days,£19.99
Tshirt,Sapphire,cotton authentic character and practicality are combined in this summery t-shirt for students that goes with everything to create casual looks. Perfect for those summer days,£19.99
Tshirt,White,cotton authentic character and practicality are combined in this summery t-shirt for students that goes with everything to create casual looks. Perfect for those summer days,£19.99